{"cameraMode":{"drawMode":0,"name":"Shaded","section":"Shading Mode"},"sceneLighting":true,"audioPlay":false,"sceneViewState":{"showFog":false,"showMaterialUpdate":false,"showSkybox":true,"showFlares":false,"showImageEffects":false,"showParticleSystems":false},"in2DMode":false,"pivot":{"x":3.8700807094573976,"y":0.2303624153137207,"z":-0.4703359603881836},"rotation":{"x":-0.38514667749404909,"y":-0.11700250208377838,"z":0.049126219004392627,"w":-0.914223313331604},"size":9.27669906616211,"orthographic":false}