{"cameraMode":{"drawMode":0,"name":"Shaded","section":"Shading Mode"},"sceneLighting":true,"audioPlay":false,"sceneViewState":{"showFog":true,"showMaterialUpdate":false,"showSkybox":true,"showFlares":true,"showImageEffects":true,"showParticleSystems":true},"in2DMode":false,"pivot":{"x":-991.372802734375,"y":1.8282577991485596,"z":-7.930113792419434},"rotation":{"x":0.3197628855705261,"y":-0.011369861662387848,"z":0.003836466697975993,"w":0.947434663772583},"size":7.443907260894775,"orthographic":false}