{"cameraMode":{"drawMode":0,"name":"Shaded","section":"Shading Mode"},"sceneLighting":true,"audioPlay":false,"sceneViewState":{"showFog":false,"showMaterialUpdate":false,"showSkybox":false,"showFlares":false,"showImageEffects":false,"showParticleSystems":false},"in2DMode":false,"pivot":{"x":0.408757746219635,"y":2.7551276683807375,"z":2.2075674533843996},"rotation":{"x":0.2346045970916748,"y":-0.12413370609283447,"z":0.030202964320778848,"w":0.9636849164962769},"size":18.342479705810548,"orthographic":false}