{"cameraMode":{"drawMode":0,"name":"Shaded","section":"Shading Mode"},"sceneLighting":true,"audioPlay":false,"sceneViewState":{"showFog":false,"showMaterialUpdate":false,"showSkybox":false,"showFlares":false,"showImageEffects":false,"showParticleSystems":false},"in2DMode":false,"pivot":{"x":7.993036270141602,"y":2.912355661392212,"z":3.1317498683929445},"rotation":{"x":0.3362831175327301,"y":-0.18121373653411866,"z":0.06609178334474564,"w":0.9218217134475708},"size":35.01799011230469,"orthographic":false}